biais;cumsum;freq_biais_cum;AFTER;BEFORE
APT;13;1.0;100.0;
BAT;10;0.7692307692307693;100.0;
PAVILLON;3;0.23076923076923078;100.0;
DOMICILE;2;0.15384615384615385;;100.0
ETAGE;1;0.07692307692307693;100.0;
